18,46.2296893826543,6.0493793540048
24,46.22931852208,6.05161096230941
25,46.2306719108798,6.05179248312467
27,46.2327886105529,6.05155645545687
30,46.2357160924261,6.0397434002857
33,46.232977358853,6.05552871721604
102,46.230595110667,6.05228485008838
125,46.2334474800377,6.05010259114112
130,46.2337032343281,6.04967106471427
151,46.2315432468875,6.04796625028066
159,46.2331866747283,6.04989280072914
164,46.2323753665887,6.05315294734157
182,46.2379000264626,6.03657321040818
188,46.2381962792116,6.034879299281
195,46.2335142351492,6.04653329966498
203,46.2320034298833,6.05699353441969
207,46.2341007230898,6.05168298649113
209,46.2306075722041,6.05111483021006
214,46.2319620419509,6.04671528414026
217,46.2343547126129,6.04077002587804
229,46.2359073106867,6.04606715483041
234,46.2311250696029,6.04713695400943
236,46.2311318584917,6.04701395666242
241,46.2321542803655,6.0489811373808
243,46.2336611308436,6.05086236652457
252,46.2323918348348,6.05148602067262
261,46.2304960866451,6.04737627383814
264,46.2309261192354,6.04725594400898
268,46.2350703935793,6.04071475004359
275,46.2350225931445,6.04769530615369
292,46.2381179545286,6.03548869664554
301,46.2328882301841,6.05300965990943
376,46.2359548480905,6.04062644438264
501,46.2310852626357,6.05477012740077
503,46.2314903160388,6.0550292710188
544,46.23301169854,6.05086251013424
561,46.232138181333,6.04805297485226
568,46.2321017493734,6.05779207633111
577,46.2292634326536,6.05371164526799
578,46.2294249412997,6.05291992352141
584,46.2365517965797,6.0374072784682
587,46.2323717226898,6.04812351590213
591,46.233532889658,6.04400238918836
598,46.2347268087736,6.04102093664003
686,46.2610789776603,6.05872979143176
698,46.2381395119941,6.03531197053665
861,46.2556822315436,6.05431237728111
863,46.2354871856955,6.0544318296994
868,46.2412715889375,6.04293658624244
869,46.2511412576816,6.04510048562151
879,46.2559965701467,6.05320961388596
903,46.2343636555276,6.05404514153549
906,46.265265317076,6.06377863578317
908,46.2650122110287,6.06393595385541
923,46.2549036107923,6.05396232558445
958,46.2543209927054,6.05377108056399
962,46.2552335531675,6.05547182588376
981,46.2412428113871,6.04328082943465
983,46.2543365291278,6.05779467656415
986,46.2357430018055,6.05327618697697
991,46.2348494226424,6.05393101935531
1173,46.2670237555147,6.06622732077159
1217,46.2359514776056,6.0463472403301
2016,46.3153079691929,6.07094765805842
2151,46.2380249011278,6.04968016353876
2155,46.2359286902989,6.05518937304121
2251,46.2519246973918,6.02100600348987
2258,46.2509269965323,6.02010894276198
2281,46.25182219049,6.02017897696654
2358,46.2669800195902,6.01856131840098
2465,46.3019018508901,6.04131440578027
2490,46.3039700267852,6.03731117363866
2560,46.3099892712072,6.07755197604539
2681,46.293701213252,6.11131830059589
2695,46.2940445608332,6.11185338175884
2865,46.241578088331,6.09804879230222
2871,46.2415658679158,6.09586489277181
2881,46.2419034323219,6.09630782495384
3150,46.2351944246451,6.05310946957685
3165,46.2363821975871,6.0539845807218
3170,46.2350153959647,6.05525010324557
3182,46.2353863751531,6.05546940648837
3464,46.3037977336064,6.03699295704619
3564,46.3089879483803,6.07756411864546
3764,46.2658423913497,6.11489093608156
6103,46.2315411134063,6.0486148249043
6193,46.2338435892,6.0464264642
6285,46.2412803484142,6.09819004992821
6313,46.2415209420614,6.09821903583398
6314,46.2588511281186,6.05586250646134
6325,46.2364155717146,6.04330316756063
6332,46.3095883213261,6.07851822227755
6346,46.2503429426873,6.02129428874605
6350,46.2409763096163,6.09742845826097
6358,46.2503346978483,6.0209999719122
6359,46.2504074468069,6.02074740988296
6369,46.2574388167338,6.06090709718521
6450,46.2608190049346,6.0538523913155
6504,46.2586759415288,6.05311673488392
6526,46.3096546521323,6.07874320599277
6537,46.2319146657805,6.05881132620387
6561,46.2407049490281,6.09693432296617
6609,46.2333039124503,6.04457873547031
6625,46.2503591020006,6.02017787447633
6630,46.2587755091077,6.05310836854583
6671,46.2380268555661,6.03530764992905
6683,46.2385300605,6.0480448596
6728,46.238096184658,6.03588571297354
6782,46.3098064062988,6.07858198281353
6786,46.2346820304781,6.05484835242551
6883,46.2407325554,6.0972389587
6884,46.240705273,6.0971917028
6963,46.232125041822,6.05753505582455
6966,46.2319722251618,6.0585574988968
6969,46.2552361634393,6.05116475533071
6997,46.2580335473313,6.05772307600063
11,46.2331300302115,6.05216987470574
17,46.2297420214972,6.04984298613001
20,46.2307938192631,6.05241822228033
32,46.2310789347507,6.05301207457546
48,46.2327066203905,6.05340593782758
50,46.2317100115531,6.05437679342119
60,46.2314070053057,6.05445801140297
109,46.2306868000837,6.04951056027277
116,46.2345465880005,6.05103734755481
133,46.2341419727567,6.04766625920353
135,46.2608486364438,6.05562537650062
142,46.236118382047,6.03790694258184
152,46.2308470405879,6.04846362505907
166,46.2307407706574,6.05166902997826
168,46.2308524675062,6.05253163968374
175,46.2307675287516,6.05000657983432
193,46.2339968763874,6.04644464775562
196,46.2333670433969,6.04649410320812
198,46.2339337756453,6.04872695019775
199,46.2340927557558,6.04870837342712
205,46.2297829707827,6.05267922314322
206,46.2302837979624,6.05124164645971
221,46.229880786395,6.05267342486718
222,46.2296226734878,6.05331041232956
226,46.2331008646064,6.0436587969635
250,46.2307105125699,6.0475599770809
259,46.2307756526418,6.04881088344509
269,46.2321371980202,6.04688270364415
281,46.234093195271,6.04373519368462
286,46.2359821861347,6.0432138557979
287,46.2356308852293,6.04411753948127
298,46.2386339697223,6.03599733437339
355,46.2308852021296,6.04888339003504
361,46.2328595930277,6.0472021278199
400,46.2312258501759,6.04664155372124
506,46.2348216626263,6.04537502082805
564,46.2322819593042,6.05820668219542
566,46.2321639817972,6.05864202839335
573,46.2323974896442,6.04939659839934
581,46.2367458268224,6.03881607805029
582,46.2368884200662,6.03808158045604
603,46.2365432383762,6.03958564221582
652,46.2328794708,6.051343106
662,46.2327051846703,6.05607603304166
684,46.259379392487,6.05639837527568
791,46.2549945401121,6.05563057957108
865,46.2569413244847,6.06049157747136
871,46.248860862848,6.06859921915773
873,46.2353503981463,6.05347395626212
874,46.2546317755307,6.05693324813046
886,46.2576796446748,6.05281021549497
894,46.2508343004424,6.06441298122318
896,46.2372207317222,6.04103838744681
916,46.2570771096844,6.05098846392968
942,46.2509011161565,6.04442910956685
950,46.2568480810178,6.05488861542816
951,46.2572187132424,6.05465927167535
970,46.2623058882164,6.05777487181558
982,46.250931334904,6.04535478520898
984,46.2487822296409,6.06897675380536
1166,46.2626225728535,6.05963885275288
1187,46.2359761705716,6.04819998338387
1220,46.2385218375277,6.03409560239807
2007,46.2312869136458,6.04976919666284
2012,46.2316358837641,6.05016988393039
2173,46.2378720104143,6.04864608783389
2252,46.2508078764119,6.02062424724831
2254,46.25092268017,6.01929676814867
2264,46.2520643866017,6.02040853829961
2453,46.3046948825421,6.03676112166783
2454,46.3043852424029,6.03740102880224
2475,46.3044443630088,6.0369998607887
2558,46.3103234708769,6.07826325835073
2658,46.2930399764269,6.11201156667402
2665,46.2926692400786,6.11097859477166
2684,46.293217719636,6.11113945473155
2853,46.2418694168326,6.09718986379692
3054,46.3106082435525,6.07758589354097
3072,46.2657105165948,6.11458871593028
3176,46.2342838285398,6.05420842646668
3184,46.2354604176927,6.05493418395385
3267,46.2519807678924,6.02100502810142
3466,46.3044278503025,6.03633309963055
6060,46.2365504865,6.053754765
6061,46.2365361329,6.0537273373
6102,46.2315119889997,6.05028837464459
6212,46.2343929250338,6.05569242332905
6252,46.2344570611478,6.05465607064937
6310,46.2584879472004,6.05300200181003
6311,46.2413356336428,6.09810531900602
6318,46.2358420121127,6.0531456792245
6327,46.2518420114948,6.02136240313358
6352,46.2512425531491,6.0207609128448
6363,46.309442266362,6.07848577462851
6389,46.2585363369978,6.0530569458616
6420,46.2503756119971,6.02138839744792
6435,46.261410853671,6.05970391903918
6443,46.2390653548813,6.04847725251727
6453,46.2585115816525,6.05303426965967
6455,46.2607773411719,6.05395540347899
6510,46.2585842354932,6.0530419662879
6513,46.2510499477291,6.02067765403991
6515,46.2503063714076,6.02110706437588
6541,46.2366544826031,6.05430966465806
6557,46.2598288895948,6.06202213309605
6563,46.3036452946484,6.03748115964747
6591,46.2609308887208,6.05894728241338
6596,46.2516410918313,6.02074105015311
6598,46.2516410918313,6.02074105015311
6639,46.2292174632989,6.05332231271864
6640,46.3101017769765,6.07807028988134
6644,46.3094097788133,6.07855688066306
6654,46.2375088186401,6.04885789100457
6655,46.2293435439174,6.05343882569261
6706,46.2373822888559,6.04882347832369
6773,46.2369538088578,6.03749185762585
6775,46.2612403825812,6.05908959767494
6787,46.2354259513419,6.04188829250874
6812,46.2366280982,6.0538875007
6993,46.25731481716,6.05347847875507
1,46.2322883722688,6.05380337130547
6,46.2306736028035,6.04837665064326
9,46.2303935818995,6.04843845884909
21,46.2309370239116,6.05260103518689
26,46.2326708625729,6.05423811768557
39,46.2297873981346,6.05392982107139
54,46.2354143002282,6.04656571389904
57,46.2338935136563,6.04980290633433
58,46.2322915120701,6.0546452754774
115,46.2339006271553,6.04800538240244
131,46.2327451081246,6.04868420072395
143,46.2326450068615,6.0557564173139
165,46.2331284064954,6.05040156037948
170,46.2340256278241,6.0484903149562
181,46.2341000873793,6.04458048268127
201,46.2342810239565,6.05171225291833
212,46.2340097816485,6.05187505523339
216,46.2296285885979,6.05272476430904
228,46.2383812782685,6.03703452055839
248,46.2387484672285,6.0363778000383
254,46.2296632798915,6.05223757929027
258,46.2307029834939,6.0471368087272
265,46.2319385701632,6.05146289008456
270,46.2325704809419,6.04886762368651
289,46.232194749456,6.04706273734519
296,46.2366218295762,6.04257487534941
357,46.2323257764604,6.0487176048013
359,46.2321846742434,6.04887837059225
367,46.2316698581655,6.04874400530617
377,46.2355926877353,6.04046410191279
510,46.2311096491639,6.05360938908447
570,46.2351738529366,6.04845844519546
574,46.2321307919255,6.04948134792751
596,46.2362687154515,6.03783660550856
619,46.2371510772068,6.03644332450443
628,46.2304556018,6.0481739408
678,46.2593745848413,6.06279476837793
695,46.2386082026152,6.06584313457684
862,46.2345621063554,6.05396262253282
867,46.2579669577553,6.05998468613423
878,46.2372570207643,6.040655373219
882,46.2560001997554,6.05230738819065
897,46.2546979986388,6.0551572782156
917,46.2562886082449,6.04988969087071
920,46.2649304127448,6.06166204732583
929,46.2548666179778,6.05769224216493
932,46.2391335846246,6.06632689664204
934,46.2397018146915,6.06714610427822
940,46.2566409289217,6.05036251792417
973,46.2614718126101,6.05600479583269
1155,46.2551088463299,6.04959479882541
1165,46.2626201304317,6.05887474389034
1175,46.2555973277318,6.0498288927108
1177,46.2359811622537,6.04819055692253
2004,46.2309497887632,6.05043875552015
2008,46.2308037405409,6.05040441404284
2009,46.2315918975519,6.05034738741568
2017,46.2376672880711,6.06259498338684
2160,46.2360840051511,6.05346961417003
2164,46.2377906705339,6.04959254499471
2255,46.2518207275799,6.02090658015609
2260,46.2510982863474,6.01973907616375
2285,46.2515083252365,6.02082796628618
2375,46.2672244218873,6.0182432009112
2470,46.3040008357091,6.03617456741427
2651,46.2932931637977,6.11105577432351
2671,46.2939741286503,6.11136350639163
2674,46.2935327730732,6.11105737005805
2690,46.2932684658221,6.11248690627006
2760,46.2666950387831,6.11431970018189
2864,46.2420412698991,6.09654017345106
2869,46.2412396306511,6.09695700111138
2874,46.2415967175798,6.09593395497361
2880,46.2417938504942,6.09595635827463
2885,46.2411699398937,6.09679849535948
3191,46.2386890158122,6.03478457540146
3264,46.2520522006186,6.02121157486427
3477,46.303700492923,6.03677737562247
3583,46.3089587922417,6.07622656892215
3588,46.3093394917701,6.07687250512702
3589,46.3092991321811,6.07852100780915
3857,46.241691848174,6.09613955913619
6110,46.2366054449,6.0546145342
6118,46.237948572527,6.04680936659471
6202,46.2360287067,6.0418150596
6215,46.2352474658909,6.05506898176717
6322,46.2292115096512,6.05323623129781
6324,46.242514160268,6.0969771579687
6326,46.2592857128265,6.05470929692852
6328,46.2603218841198,6.0608586961922
6360,46.3098583286328,6.07813193451965
6372,46.3093993664174,6.07863417705346
6376,46.2347205830328,6.04494258274955
6385,46.2350062945368,6.04163622162126
6393,46.3095610262079,6.07851501019729
6402,46.3093763399522,6.07694626525479
6503,46.2338423852221,6.04642922900349
6518,46.2381770867655,6.03792258309602
6539,46.2570105067962,6.05083924900255
6548,46.2366869791923,6.05421004037408
6573,46.2318474313458,6.0484379195031
6578,46.2360835281496,6.05425802302569
6597,46.2516410918313,6.02074105015311
6632,46.30427258821,6.03698397468211
6635,46.2358218631251,6.0531696289555
6650,46.2380642912237,6.03838391286654
6651,46.2381076961629,6.03821718836601
6653,46.2552768341744,6.0515548043577
6665,46.2309120459649,6.04964252339694
6676,46.2294028978603,6.05285230561722
6791,46.2410172769443,6.09741753331839
6851,46.3088970547,6.0765025672
6852,46.3086800948,6.0764843409
6871,46.2664261655,6.1144868457
6885,46.2414677969,6.0985174538
6964,46.2320878840766,6.05812677116706
6968,46.2553969564,6.0514497168
9994,46.1654632320559,6.10741358357529
5,46.232819187085,6.05504217888782
14,46.2327160379694,6.05191543614951
16,46.2302283626312,6.05030058788978
38,46.2305143090764,6.05379965120012
51,46.232378100519,6.05408482288838
53,46.2319047147444,6.05466704469362
56,46.2340128343359,6.05249501967476
63,46.2315878516703,6.05417047978257
64,46.2314880162916,6.05500920200735
101,46.2301710828211,6.04890589812379
107,46.229346908122,6.05064732312517
112,46.2362000244974,6.0398150343543
126,46.2304075999881,6.04756672908299
129,46.2342935018451,6.05001196648122
141,46.2323971400043,6.04713219855127
148,46.2347800511315,6.04847437073348
171,46.2305392316749,6.04994221084266
176,46.2303846477975,6.04979976403461
183,46.2370920246536,6.04040755085835
187,46.230798366112,6.05126423677851
192,46.2381397376552,6.03734824888228
200,46.2341420042502,6.05219337528648
210,46.2304956187756,6.05103124967086
215,46.2296028570577,6.05116139812507
227,46.2343145846007,6.04088962418228
253,46.2335998710248,6.05068461706659
262,46.2317319365949,6.04940458267538
279,46.236884623775,6.03757982948706
280,46.2347732441072,6.04061436864171
290,46.2343512169924,6.04403157471362
305,46.2324835066262,6.04716676842906
362,46.2330981194989,6.04834063957051
363,46.2316220402124,6.04703266041964
375,46.2349732763405,6.04299045245888
504,46.2317968857637,6.04472070368645
538,46.2385092607929,6.03392828685659
545,46.2333712819331,6.04490602719361
594,46.2367201671537,6.03804190199269
597,46.2336127679949,6.04320324742769
622,46.2340330369752,6.04285213061371
682,46.2586838780292,6.05981955455719
860,46.2552352874009,6.05528095390133
870,46.2546463769919,6.05737521403763
880,46.2552437336135,6.05849860661198
899,46.2388233002305,6.06618000723479
912,46.2629431094018,6.05966979563741
915,46.2569151603905,6.0506546738062
921,46.2483612090161,6.06926508855965
926,46.2596770798321,6.06110096656635
943,46.2349338442301,6.05285677466089
952,46.2555767923474,6.05225683443485
955,46.2574615186427,6.0541426367598
966,46.2562186835,6.0591109633
968,46.2588500585223,6.05971980065612
969,46.2549751738939,6.05150334541656
980,46.2547710742152,6.0541734803985
987,46.2364970131486,6.04933440277618
1172,46.2665229367598,6.06499109919151
2001,46.2309037750414,6.05062997051036
2002,46.231255742643,6.04995868200028
2006,46.2311224211374,6.04994245140384
2013,46.2308349981185,6.05084527113163
2250,46.2505292156829,6.0203285995051
2253,46.2515147658174,6.01933717415402
2275,46.25116422501,6.0194172446501
2290,46.2505604284213,6.02132947175235
2355,46.2675806267624,6.01891933728946
2360,46.2671209036583,6.0184302008199
2495,46.3046321476003,6.03527939244286
2575,46.3100988351285,6.07774091467985
2675,46.2935011039539,6.11053345580045
2858,46.2425039775369,6.09746036368559
3019,46.238203717674,6.04813815515227
3073,46.2668906395152,6.11429872273222
3163,46.2355158013676,6.05474530159016
3177,46.2366706562201,6.04808890434462
3187,46.2362020492157,6.04951302861216
3190,46.2348827693117,6.05344118721315
3294,46.250927555842,6.02077555095313
3580,46.3095247795719,6.07697546181896
3590,46.3106596643057,6.07782685242712
3664,46.2927317745642,6.11029587467637
3776,46.2661927855501,6.11436975627432
3866,46.2419411871797,6.09577919677239
3877,46.2414907987787,6.09706684028906
6123,46.2505686309,6.0209603952
6217,46.2589174349069,6.06213081171456
6257,46.2414242269,6.0973157369
6309,46.3094217157293,6.07864007892835
6312,46.2359956027114,6.05408278814435
6334,46.2935756447237,6.11240967968883
6337,46.241773796457,6.09695621195699
6338,46.2619126898965,6.05745259992722
6340,46.2362072692186,6.05449226468253
6345,46.3098820445528,6.07859931958306
6348,46.2504151736966,6.02012379078228
6357,46.3094943793356,6.07858109874632
6362,46.2424818977221,6.09691358784872
6407,46.2584275963434,6.05295199973072
6481,46.23277859522,6.05678404358659
6497,46.2590777332609,6.05614104581486
6498,46.2591225203608,6.05619886884315
6499,46.3098844241836,6.0779442032583
6501,46.231916229652,6.05117349686342
6516,46.2559491755896,6.05232459675061
6546,46.2302031839752,6.04852773835912
6560,46.2391162944958,6.04845887062707
6572,46.2585822663768,6.05310692201312
6587,46.2581021939012,6.06186586365708
6611,46.2517729069094,6.02051014299392
6620,46.2503771222799,6.0205218655567
6624,46.2504014547683,6.02055640036548
6643,46.2552902424653,6.05157951134827
6646,46.2608483646103,6.05763231879643
6680,46.2325090032052,6.05598571361476
6707,46.2373957865856,6.04879733764096
6771,46.3094618909035,6.07865220481267
6811,46.2366728057,6.0539566296
6813,46.2368128242,6.0537200421
6861,46.2928551304,6.1118327155
6995,46.2358796643756,6.04344478215166
6998,46.2517625042242,6.01929488058638
2,46.2315601188978,6.05358984486351
3,46.2322759228429,6.05435514318094
12,46.2332144559059,6.05186681629887
19,46.2299955664869,6.04927253246727
23,46.2296685312588,6.05155917267626
73,46.2342337015968,6.05105896528151
93,46.234136396541,6.04585496738823
118,46.2296665495508,6.05248132695604
120,46.2337454160005,6.05263573019715
128,46.2341717321456,6.0504534764646
149,46.2319221252703,6.04848164216703
150,46.2312238601384,6.04772116874636
156,46.2316787672601,6.05122002684548
158,46.2332973167294,6.04945049213962
161,46.2331431911858,6.05287053155347
167,46.2296086595747,6.05144239983058
173,46.2305744065189,6.0503340272656
180,46.2372105839993,6.03890941329523
190,46.2376262046301,6.03778614738484
213,46.2325057985893,6.05354390990108
220,46.2372052936178,6.04136872490612
230,46.2350161529365,6.04443293149037
233,46.2310927486126,6.04724893098328
237,46.2323096523233,6.04704608890846
238,46.2341539206844,6.05146206067726
249,46.2309547256335,6.04750300657118
255,46.2311158401009,6.04957419853933
272,46.2364073087403,6.03886329787347
274,46.2374586924895,6.04003685476436
282,46.234036737247,6.04238334880614
285,46.2357789220759,6.0421403382121
297,46.2377184469807,6.03912474603429
308,46.2379742898131,6.03815939984507
368,46.2320538098714,6.04863139565551
505,46.2334242725365,6.05057821172942
532,46.2323734813114,6.05705689877425
547,46.2366088950743,6.04158271698542
548,46.2354552660732,6.04599006686278
555,46.2344582123158,6.0493845322612
565,46.2322214705935,6.05842799895817
572,46.2352878563449,6.04771693052011
579,46.2291520078024,6.05196757525006
588,46.2325342044493,6.04811973233202
592,46.2292261343978,6.05305379997182
595,46.2364133756568,6.03789454381765
599,46.2363429709442,6.04278138477578
600,46.2328634752484,6.04531363045363
609,46.2370933780581,6.03690678213625
618,46.2373082948139,6.03650854325031
679,46.255330514147,6.05055550276678
697,46.2379183115132,6.03528810103617
895,46.261065676258,6.05816845142259
902,46.2593014793274,6.05480235958154
905,46.254999287664,6.05799795769086
924,46.2560129591425,6.05505565322166
933,46.2596459720356,6.06234680759497
936,46.2544650356907,6.05637456047247
959,46.2547781922814,6.05374463740215
960,46.2559150116252,6.05514153812961
967,46.2579529239241,6.05884339822382
976,46.2578855010952,6.06240904012641
979,46.2587471673775,6.05948019432017
992,46.2348694884022,6.05362953855651
1174,46.2643312803918,6.06382087970501
1211,46.2289057262491,6.05582296489708
1232,46.2541543183196,6.05689899353526
2003,46.2314043920762,6.05012300507719
2015,46.2347915132373,6.05382685488223
2165,46.2369697731398,6.04952401588554
2270,46.2516268427433,6.02159752731582
2451,46.3041931741554,6.03662960501547
2460,46.3046779841144,6.03716185325465
2474,46.3040853358662,6.03603355573592
2485,46.3046527358786,6.0360257678686
2489,46.3056628546978,6.03640859700732
2650,46.293131197899,6.11049898259082
2654,46.2929888161195,6.11115054615971
2670,46.2937806775773,6.11218318588979
2775,46.266570099178,6.11415253823769
2780,46.2661386428346,6.11468615392834
2860,46.2422264013172,6.09726912193942
2870,46.2410977060095,6.09768462727299
2895,46.2409967361129,6.09662476848241
3152,46.2382683129088,6.04777252318701
3156,46.2367171494874,6.04881574644356
3174,46.2366225263473,6.04863287189236
3181,46.2359889267222,6.04866605370832
3183,46.2377197271401,6.0490334100998
3197,46.2374395393214,6.04749168321494
3467,46.3043106322912,6.03576769076543
3565,46.3090338271621,6.0769117337015
3570,46.3091853156757,6.07622946835472
3576,46.3086011584269,6.07661377740567
3584,46.3094457508322,6.07755028470169
3880,46.2483770290378,6.06910958155928
3888,46.2414975399935,6.09743635273164
3893,46.2406706316225,6.09710820552629
6125,46.2505289153,6.0208775126
6203,46.233413727,6.0500750316
6342,46.2503955662923,6.02095801941068
6361,46.3095410499176,6.07867508825705
6374,46.2324326807869,6.04881983726029
6375,46.2306030286615,6.04718836275091
6404,46.2590979074167,6.05596738023653
6406,46.2568999704185,6.05086205417081
6419,46.2582268153817,6.06189957479667
6422,46.2338659179066,6.04727945714628
6449,46.2362702632385,6.05495667287734
6493,46.2358766967195,6.04282603036108
6509,46.2613810766126,6.05819722994994
6529,46.2622771178523,6.05678309477214
6534,46.2340733285996,6.04511735103498
6558,46.309608241902,6.0786070862867
6569,46.2608934739052,6.0574865073159
6575,46.3097398737411,6.07867090589421
6586,46.2581464276923,6.06180358385448
6588,46.2580577685306,6.06193024653546
6608,46.2332212290895,6.0445053201587
6616,46.250426534353,6.02059165701455
6631,46.3097545969079,6.07856444729952
6634,46.2551831686623,6.05114612248104
6638,46.2552544010193,6.05097442302844
6652,46.2588048658124,6.06198331223493
6796,46.3093788690421,6.07846583345938
6797,46.2588447348161,6.06203996158759
6798,46.3094723024742,6.07857490716915
6841,46.3034992805,6.0374250718
6854,46.3089691194,6.0765114107
6965,46.2320321314595,6.05834098580412
6983,46.2677068586116,6.01899549937566
7,46.2335230480083,6.04947260237118
13,46.232985431413,6.05186930608365
15,46.23005509943,6.05159763900332
22,46.2298916344372,6.05194448171276
29,46.229887974004,6.0507887722465
35,46.2383035320575,6.03592722954101
36,46.2382017855991,6.03658948069562
37,46.2330720428817,6.04701180257578
41,46.2298471581624,6.05310910766459
49,46.2325882201723,6.04537633699665
52,46.2319383631087,6.0540254651789
65,46.234869713066,6.04807412799035
70,46.2306222429371,6.05141188890165
72,46.2317998064571,6.05261294073384
80,46.2339771370469,6.05573301461384
100,46.2317362691976,6.05305256835598
108,46.2325549239376,6.0533868996814
110,46.2381478555202,6.0369357873345
153,46.2303032822335,6.05022109588905
154,46.2301841880161,6.05106763922917
162,46.2298019159246,6.04972562763003
172,46.2332557575865,6.05310120875906
189,46.2389234357183,6.03539891803296
191,46.2377840659923,6.03737639035628
194,46.2346811588145,6.04860992552088
202,46.234003730406,6.05137478645482
239,46.2344122204215,6.05168904936206
263,46.2317979648685,6.0502752816975
273,46.2367761408607,6.04095707648358
277,46.2379533453035,6.03765851370349
291,46.2355916072223,6.04132762449972
294,46.237184657061,6.04150891492825
304,46.2327521194892,6.05376739293761
354,46.2308931244605,6.04779987093164
364,46.2326060046353,6.04722383227685
379,46.2319677521428,6.04931145703587
512,46.2328000491577,6.05019912002819
567,46.2321052909137,6.0588593899449
585,46.2334318364704,6.04305587268634
590,46.2365880499856,6.03796148913874
604,46.2349606436993,6.04837819484494
608,46.2381479766404,6.03806428215575
699,46.2558764295377,6.05200333002002
866,46.2569942713384,6.05844131957299
881,46.2553596083593,6.05935033453358
883,46.2649897706437,6.06299707023288
898,46.2555023270801,6.05002681989533
907,46.2611201912129,6.05770029814714
930,46.2482829251447,6.06956698897148
954,46.2565449575728,6.05242644230509
972,46.2623612840212,6.05692339087771
978,46.2628354861319,6.05924743332624
1171,46.265914692159,6.06299766266082
1218,46.2370799170543,6.042333066571
2180,46.2361357823004,6.05517245477202
2257,46.2517953560859,6.0211424610247
2284,46.2519894036571,6.02053972891763
2359,46.2773080612226,6.01185041967609
2395,46.2774845758216,6.01212580767103
2653,46.2935954253699,6.11019996812998
2655,46.293586835193,6.11117352587774
2664,46.2933551357904,6.11090256140766
2680,46.2938556431717,6.11094297501763
2685,46.2942122891287,6.11157504047598
2854,46.241913796455,6.09752138750865
2890,46.2412906381329,6.09646507255732
3014,46.2363201192163,6.05544373698759
3055,46.3102947213121,6.08036536758504
3167,46.2366086817688,6.04878275521215
3288,46.2506225671652,6.02025705208248
3595,46.3092562414307,6.0775246880947
3666,46.2937961519204,6.11146926662219
3677,46.2930078900117,6.11067631853925
3864,46.2418158137724,6.09787706231874
3876,46.2415228607866,6.09859964289045
6062,46.2365217309,6.0536999564
6139,46.2295021153722,6.05134190826491
6174,46.2541613367,6.0570085642
6200,46.2945138441784,6.11161619910024
6250,46.3100562565486,6.07798918445141
6266,46.2347029088301,6.05495367791823
6323,46.242610786333,6.09716757557768
6331,46.2618767723417,6.05751214391686
6333,46.2504300918674,6.02090228018664
6347,46.2503246562628,6.02120067655098
6351,46.3099497859449,6.07733675024205
6399,46.2426581464142,6.0972610436333
6412,46.2344378286566,6.04764385848876
6425,46.2586954725456,6.05308535060189
6438,46.2587149932061,6.05546999485973
6439,46.2613271943214,6.05959753901341
6478,46.2383336312058,6.04888552221027
6508,46.2622275754073,6.0570213353721
6519,46.2515326137751,6.01977937873816
6562,46.3096939295149,6.07869364237624
6574,46.2511340046373,6.020576757499
6593,46.3098548578855,6.07829926908124
6599,46.3094839666629,6.07865839644757
6603,46.2935043213315,6.11237134568436
6605,46.3094201911279,6.07847958186649
6607,46.2331389959088,6.04443258908682
6633,46.2585415810204,6.05310882946095
6664,46.2309332886104,6.0496633574607
6669,46.2544703082857,6.04977899498206
6708,46.2374092835054,6.04877119854856
6710,46.2346320798352,6.04431998164477
6727,46.2368262304496,6.04883351605899
6731,46.2381023589881,6.03584627678973
6772,46.3095631256899,6.07868128109854
6792,46.3096303165849,6.07861327953182
6855,46.3088340732,6.0767915678
6862,46.2927784266,6.1116153697
6984,46.2677377193837,6.01904308070725
6996,46.2619989872236,6.05665033687517
8,46.2306048916954,6.04798714401775
10,46.2304233473309,6.04895216222335
40,46.229591100463,6.05462918542534
42,46.2292015077649,6.05440289079631
61,46.2315035341271,6.05475509862157
113,46.2362129923856,6.03869649020136
119,46.2340391978859,6.05094416261967
124,46.232267963439,6.05309092630209
157,46.2321407075138,6.05051590379948
160,46.2328042381268,6.05262105254465
163,46.2331681376377,6.05121257486258
179,46.2335531644423,6.04890182947375
184,46.2348608698615,6.04173336421184
185,46.2380671702949,6.03573771456265
186,46.2327660631145,6.0442948320721
208,46.230073301026,6.05308201354271
223,46.230342635295,6.04771685738816
224,46.2325997480796,6.05417803258123
235,46.2334562976444,6.04638204743621
240,46.2299987037624,6.05486695040523
242,46.2338579349151,6.05177979837496
256,46.230333224308,6.05009836450161
271,46.2331074195423,6.04763604827469
276,46.2380517414563,6.03753639842468
288,46.2347891878846,6.04440813238368
293,46.238224885214,6.0356502660908
356,46.2330152576246,6.04953884881893
358,46.2310682918169,6.04916257933054
365,46.2332122052011,6.04859600778696
366,46.2330087058541,6.04622797414296
370,46.2332249624488,6.04628081471655
378,46.2350637377642,6.04025151305427
507,46.2339441225207,6.04821596403622
530,46.2360394376942,6.04148705112985
534,46.2292443007314,6.05271009873836
552,46.2328767355982,6.05135094959969
562,46.2327341630915,6.05642112505662
601,46.2340293015722,6.048091104919
606,46.2350563900761,6.04106198541939
610,46.2376899305961,6.0357948360429
629,46.2380001383,6.0360291721
683,46.2589165807994,6.06012248690228
872,46.2390961328869,6.06690937214962
887,46.2609729266554,6.05685965290847
888,46.2647482189519,6.06307126505537
889,46.2573848501368,6.05334771270281
890,46.2602711660541,6.05709514071639
892,46.260531643148,6.05964647419032
904,46.2592045532953,6.06175663501532
909,46.2616570900856,6.05707464213308
911,46.2641329718191,6.06110300168174
922,46.2617027715899,6.05732484221834
927,46.2598680838955,6.0608235262151
928,46.2396820793001,6.06760540568136
935,46.2607669970081,6.05857212004777
941,46.2566682745236,6.05427630584002
956,46.2562788974283,6.05275913253966
1176,46.2571637270206,6.05216484131576
1184,46.2477730835369,6.06819236128002
1252,46.2395628432668,6.067342881081
2010,46.2311189964519,6.05060503554584
2011,46.2309322660605,6.05030421360321
2175,46.2361595172745,6.05414602121977
2455,46.3041580166034,6.03593886336748
2458,46.3049338776209,6.03730746985679
2471,46.3041656194027,6.03544707946929
2480,46.3042209820478,6.03522650212701
2555,46.3096411912021,6.07710420253489
2660,46.2931627755376,6.11158994968446
2758,46.266604066889,6.11448833808861
2855,46.241574118847,6.09618330919902
2882,46.2409426545656,6.09676979161835
2884,46.2418223413132,6.09673947362856
3153,46.2371390048673,6.04912147923783
3158,46.2350492763802,6.05489314590228
3160,46.235799319418,6.05346449125113
3166,46.2362874327106,6.0493790708445
3173,46.2376837871886,6.04708416470114
3178,46.2354491386294,6.0552153156382
3192,46.2384083965762,6.03448116313152
3364,46.2674409129442,6.01850494278244
3376,46.2668769693075,6.01859979283663
3457,46.3042830885291,6.03589158066704
3476,46.3043084447553,6.03730699194181
3667,46.2935369161715,6.11152868508458
3676,46.2934972276893,6.11226443146559
3867,46.2418731064056,6.09651404796018
3894,46.2408519130008,6.09710802598642
6289,46.3095767105,6.0786000879
6335,46.3036011671395,6.03749882146288
6354,46.2409713717067,6.09756800823907
6355,46.2425463363069,6.09704054470595
6367,46.2587612745103,6.05552985234217
6371,46.2582102260721,6.06170793396807
6416,46.2364642800553,6.03835690135056
6486,46.236372592831,6.05469518057626
6576,46.2554916971408,6.05209262024039
6595,46.2516410918313,6.02074105015311
6604,46.2518878283262,6.02131444558825
6606,46.2517366875374,6.02054505469688
6647,46.2303214247501,6.05236594133179
6670,46.2301356651261,6.05479703682383
6718,46.235468891118,6.04195762931924
6794,46.3094319273293,6.07856300307523
6962,46.2551581988,6.0516985825
6967,46.2393477204988,6.03611484729867
6990,46.2588362998816,6.05313080692212
4,46.2322776205032,6.05491571471038
28,46.2330145712043,6.04492257919746
31,46.2325385449794,6.04500788570363
47,46.2311702987741,6.05326082038426
55,46.2339678550863,6.0526711555947
62,46.2313749870109,6.05403169888266
103,46.2332970389561,6.05160274839877
104,46.2337127857432,6.05221443558648
117,46.2358117055394,6.0414410887864
132,46.2328884746006,6.04994553585111
155,46.2307987627595,6.05147837453423
169,46.2299198323815,6.04948367845483
197,46.2336813716186,6.04817230492428
211,46.2332791331613,6.05131896344032
219,46.2298663448683,6.05252618970511
225,46.232729948084,6.04901665271379
231,46.2302265892996,6.04930227525105
232,46.2335756269262,6.0467370495913
246,46.2311049790357,6.05651463389298
247,46.229181013815,6.05326272488998
251,46.232568392022,6.05074851112369
266,46.2326277560732,6.04879532677568
283,46.2345821339862,6.04172600443976
284,46.2352281077509,6.04162118915745
295,46.2370462037236,6.04232503438171
300,46.2329643097865,6.05276704577918
310,46.2378897253428,6.03878233328462
351,46.2318195173632,6.04724251729517
353,46.2321907792046,6.04868397087169
371,46.2313713183243,6.04735507800612
500,46.2314139457851,6.05427049010587
513,46.2324731706928,6.04589670386866
533,46.2338802917113,6.05287284794468
549,46.2359199194751,6.04304498813778
589,46.2346957117079,6.04919441653392
593,46.2352513449929,6.04749842957629
602,46.2329865850179,6.05401461095865
607,46.2327115515058,6.04918611198801
613,46.2325969406485,6.04462884942382
676,46.2292271025142,6.05242255456825
685,46.3093993346726,6.07792383575131
696,46.237820289826,6.03528004485344
864,46.2576187531734,6.06147730986003
876,46.2362629430062,6.04891073661218
877,46.2551566827492,6.05475541061319
884,46.255582143116,6.05469543293658
891,46.2645205559508,6.06326002872938
893,46.2593996742019,6.05795405363089
901,46.2633906559552,6.06057754457302
910,46.262086258204,6.05737018025946
918,46.2645752375675,6.06156789143602
919,46.2347860507309,6.05393411927997
925,46.2368963401563,6.04285304629846
931,46.2566512953107,6.05473093444879
939,46.2603281708874,6.06129665643514
946,46.26057784554,6.05834566338842
971,46.2623918272013,6.05736167282332
974,46.2601943363536,6.05875053081677
985,46.2393503833153,6.06704385537927
988,46.2550331790536,6.05463832086505
1225,46.2373063836373,6.03559663314016
2184,46.2379940211771,6.04949512751658
2265,46.2507228618428,6.02001944454722
2280,46.2516327479108,6.01968442803243
2282,46.2518066698249,6.02066415905057
2380,46.2677412922731,6.01880828797522
2464,46.3038937182606,6.03641959968416
2481,46.304054891061,6.03554795236031
2484,46.3042593828842,6.03674169128323
2755,46.2662626481477,6.11451728992642
2851,46.2419685478809,6.09644785568387
2875,46.2421062617688,6.09694899346956
3010,46.2363092855462,6.05547425351712
3162,46.2354015465284,6.05571832622112
3164,46.2360761009148,6.05558192055631
3179,46.2345796685791,6.05480929209082
3185,46.2357239235901,6.0551684471493
3276,46.2505818252971,6.01967908871201
3562,46.3099782440067,6.07625566154298
3567,46.3097115185739,6.07649243778295
3578,46.3096603879853,6.07632207096806
3582,46.3096610654488,6.07604384744808
3585,46.3097857528283,6.07736493091473
6115,46.2360471636878,6.05418176693234
6251,46.2365947047,6.0547054259
6265,46.2935309844795,6.11234387486658
6300,46.2586264739849,6.05318228504289
6315,46.2396679728767,6.06768802262411
6316,46.2338507478479,6.04656249379325
6317,46.2339862220165,6.04572694469444
6329,46.2512748274876,6.02072853151435
6330,46.2517361592335,6.02043415690627
6339,46.3044718077264,6.03550622537917
6343,46.2550160829442,6.05769526581862
6349,46.240995320554,6.09748083956708
6356,46.2425785234816,6.09710413226811
6365,46.2380877673976,6.03829246785256
6370,46.2384584268484,6.04869130319087
6382,46.2590511676703,6.05590284531476
6408,46.309388435384,6.07685841532111
6474,46.2333319535238,6.04981242549686
6589,46.2579857104994,6.06203585732214
6622,46.2512969735249,6.02070629886059
6675,46.2293659591361,6.05330933617262
6793,46.2357263522306,6.05579017937111
6821,46.2519248492,6.0190409856
6853,46.3087821563,6.0764701174
6881,46.2413896894,6.0983317294
